CustomerSegment,Year1Spending,FutureSpending,EngagementScore
0,5266.6633225806445,4830.929258064516,294.06290322580645
1,6265.790960854092,4753.654555160142,140.96797153024912
2,27530.630366972477,14548.81133027523,233.37155963302752
